Complex;Mutation;Region;Method
1BRS_A_D;DD35A;COR;ITC
1BRS_A_D;DD35A;COR;SPR
1BRS_A_D;DD39A;COR;ITC
1BRS_A_D;DD39A;COR;SPR
1BRS_A_D;EA71A,DD35A;SUP,COR;ITC
1BRS_A_D;EA71A,DD39A;SUP,COR;ITC
1BRS_A_D;EA71A;SUP;ITC
1BRS_A_D;EA71C;SUP;ITC
1BRS_A_D;EA71F,DD35A;SUP,COR;ITC
1BRS_A_D;EA71F,DD39A;SUP,COR;ITC
1BRS_A_D;EA71F;SUP;ITC
1BRS_A_D;EA71Q,DD39A;SUP,COR;ITC
1BRS_A_D;EA71Q,ED74A;SUP,RIM;ITC
1BRS_A_D;EA71Q;SUP;ITC
1BRS_A_D;EA71S;SUP;ITC
1BRS_A_D;EA71W,DD35A;SUP,COR;ITC
1BRS_A_D;EA71W,DD39A;SUP,COR;ITC
1BRS_A_D;EA71W,ED74A;SUP,RIM;ITC
1BRS_A_D;EA71W;SUP;ITC
1BRS_A_D;EA71Y;SUP;ITC
1BRS_A_D;ED74A;RIM;ITC
1BRS_A_D;ED74A;RIM;SPR
1BRS_A_D;ED78A;SUR;SPR
1BRS_A_D;HA100A,DD39A;COR,COR;ITC
1BRS_A_D;HA100A,YD29A;COR,RIM;ITC
1BRS_A_D;HA100A,YD29F;COR,RIM;ITC
1BRS_A_D;HA100A;COR;ITC
1BRS_A_D;KA25A,DD39A;COR,COR;ITC
1BRS_A_D;KA25A;COR;ITC
1BRS_A_D;RA57A,DD39A;COR,COR;ITC
1BRS_A_D;RA57A;COR;ITC
1BRS_A_D;RA85A,DD39A;SUP,COR;ITC
1BRS_A_D;RA85A;SUP;ITC
1BRS_A_D;YD29A;RIM;ITC
1BRS_A_D;YD29F;RIM;ITC
